n_agents,n_waters,layout,arch_label,architecture,broadcast_every_k,hazard_density,n_seeds,success_rate_mean,success_rate_std,mean_t_succ_mean,mean_t_succ_std,p95_t_succ_mean,total_trail_mean,n_hazard_hits_mean,scarcity
3,2,asymmetric,centralized,centralized,-1,0.0,20,0.6666666666666666,0.0,22.0,0.0,39.0,97.0,0.0,1.5
3,2,asymmetric,centralized,centralized,-1,0.05,20,0.6666666666666666,0.0,22.0,0.0,39.0,97.0,8.45,1.5
3,2,asymmetric,centralized,centralized,-1,0.1,20,0.6666666666666666,0.0,22.0,0.0,39.0,97.0,17.0,1.5
3,2,asymmetric,independent,independent,-1,0.0,20,0.6666666666666666,0.0,13.5,0.0,22.0,111.0,0.0,1.5
3,2,asymmetric,independent,independent,-1,0.05,20,0.6666666666666666,0.0,13.5,0.0,22.0,111.0,8.4,1.5
3,2,asymmetric,independent,independent,-1,0.1,20,0.6666666666666666,0.0,13.5,0.0,22.0,111.0,13.85,1.5
3,2,asymmetric,peer(K=1),peer,1,0.0,20,0.6666666666666666,0.0,23.0,0.0,41.0,122.0,0.0,1.5
3,2,asymmetric,peer(K=1),peer,1,0.05,20,0.6666666666666666,0.0,23.0,0.0,41.0,122.0,7.9,1.5
3,2,asymmetric,peer(K=1),peer,1,0.1,20,0.6666666666666666,0.0,23.0,0.0,41.0,122.0,15.45,1.5
3,2,asymmetric,peer(K=16),peer,16,0.0,20,0.6666666666666666,0.0,13.5,0.0,22.0,111.0,0.0,1.5
3,2,asymmetric,peer(K=16),peer,16,0.05,20,0.6666666666666666,0.0,13.5,0.0,22.0,111.0,8.0,1.5
3,2,asymmetric,peer(K=16),peer,16,0.1,20,0.6666666666666666,0.0,13.5,0.0,22.0,111.0,14.3,1.5
3,2,asymmetric,peer(K=2),peer,2,0.0,20,0.6666666666666666,0.0,23.0,0.0,41.0,122.0,0.0,1.5
3,2,asymmetric,peer(K=2),peer,2,0.05,20,0.6666666666666666,0.0,23.0,0.0,41.0,122.0,7.9,1.5
3,2,asymmetric,peer(K=2),peer,2,0.1,20,0.6666666666666666,0.0,23.0,0.0,41.0,122.0,15.45,1.5
3,2,asymmetric,peer(K=4),peer,4,0.0,20,0.6666666666666666,0.0,30.0,0.0,55.0,124.0,0.0,1.5
3,2,asymmetric,peer(K=4),peer,4,0.05,20,0.6666666666666666,0.0,30.0,0.0,55.0,124.0,9.2,1.5
3,2,asymmetric,peer(K=4),peer,4,0.1,20,0.6666666666666666,0.0,30.0,0.0,55.0,124.0,18.65,1.5
3,2,asymmetric,peer(K=8),peer,8,0.0,20,0.6666666666666666,0.0,13.5,0.0,22.0,111.0,0.0,1.5
3,2,asymmetric,peer(K=8),peer,8,0.05,20,0.6666666666666666,0.0,13.5,0.0,22.0,111.0,8.0,1.5
3,2,asymmetric,peer(K=8),peer,8,0.1,20,0.6666666666666666,0.0,13.5,0.0,22.0,111.0,14.3,1.5
3,2,asymmetric,shared,shared,-1,0.0,20,0.6666666666666666,0.0,23.0,0.0,41.0,121.0,0.0,1.5
3,2,asymmetric,shared,shared,-1,0.05,20,0.6666666666666666,0.0,23.0,0.0,41.0,121.0,8.5,1.5
3,2,asymmetric,shared,shared,-1,0.1,20,0.6666666666666666,0.0,23.0,0.0,41.0,121.0,15.15,1.5
3,2,random,centralized,centralized,-1,0.0,20,0.65,0.07453559924999299,16.7,8.283464822988277,25.3,97.1,0.0,1.5
3,2,random,centralized,centralized,-1,0.05,20,0.65,0.07453559924999299,16.7,8.283464822988277,25.3,97.1,11.2,1.5
3,2,random,centralized,centralized,-1,0.1,20,0.65,0.07453559924999299,16.7,8.283464822988277,25.3,97.1,16.85,1.5
3,2,random,independent,independent,-1,0.0,20,0.5333333333333333,0.22685234912624017,15.333333333333334,10.525878473888001,21.555555555555557,95.9,0.0,1.5
3,2,random,independent,independent,-1,0.05,20,0.5333333333333333,0.22685234912624017,15.333333333333334,10.525878473888001,21.555555555555557,95.9,11.05,1.5
3,2,random,independent,independent,-1,0.1,20,0.5333333333333333,0.22685234912624017,15.333333333333334,10.525878473888001,21.555555555555557,95.9,23.4,1.5
3,2,random,peer(K=1),peer,1,0.0,20,0.6166666666666666,0.16312016164319762,16.210526315789473,7.69616749766056,24.263157894736842,97.1,0.0,1.5
3,2,random,peer(K=1),peer,1,0.05,20,0.6166666666666666,0.16312016164319765,16.210526315789473,7.696167497660559,24.263157894736842,97.1,6.5,1.5
3,2,random,peer(K=1),peer,1,0.1,20,0.6166666666666666,0.16312016164319765,16.210526315789473,7.696167497660557,24.263157894736842,97.1,17.2,1.5
3,2,random,peer(K=16),peer,16,0.0,20,0.5166666666666666,0.2530515515054161,14.382352941176471,7.544719618226184,22.0,92.9,0.0,1.5
3,2,random,peer(K=16),peer,16,0.05,20,0.5166666666666666,0.2530515515054161,14.382352941176471,7.544719618226184,22.0,92.9,11.25,1.5
3,2,random,peer(K=16),peer,16,0.1,20,0.5166666666666666,0.2530515515054161,14.382352941176471,7.544719618226184,22.0,92.9,11.15,1.5
3,2,random,peer(K=2),peer,2,0.0,20,0.6333333333333333,0.1025978352085154,15.225,7.739976540152125,22.35,95.5,0.0,1.5
3,2,random,peer(K=2),peer,2,0.05,20,0.6333333333333333,0.1025978352085154,15.225,7.739976540152126,22.35,95.5,6.35,1.5
3,2,random,peer(K=2),peer,2,0.1,20,0.6333333333333333,0.1025978352085154,15.225,7.739976540152125,22.35,95.5,16.5,1.5
3,2,random,peer(K=4),peer,4,0.0,20,0.5666666666666667,0.24423169902168212,14.882352941176471,7.8651315384834515,23.0,89.25,0.0,1.5
3,2,random,peer(K=4),peer,4,0.05,20,0.5666666666666667,0.24423169902168212,14.882352941176471,7.8651315384834515,23.0,89.25,5.75,1.5
3,2,random,peer(K=4),peer,4,0.1,20,0.5666666666666667,0.24423169902168212,14.882352941176471,7.8651315384834515,23.0,89.25,20.95,1.5
3,2,random,peer(K=8),peer,8,0.0,20,0.5166666666666666,0.2530515515054161,14.382352941176471,7.544719618226184,22.0,92.5,0.0,1.5
3,2,random,peer(K=8),peer,8,0.05,20,0.5166666666666666,0.2530515515054161,14.382352941176471,7.544719618226184,22.0,92.5,11.35,1.5
3,2,random,peer(K=8),peer,8,0.1,20,0.5166666666666666,0.2530515515054161,14.382352941176471,7.544719618226184,22.0,92.5,11.25,1.5
3,2,random,shared,shared,-1,0.0,20,0.6666666666666666,0.0,16.4,7.589119635511438,24.7,115.35,0.0,1.5
3,2,random,shared,shared,-1,0.05,20,0.6666666666666666,0.0,16.4,7.589119635511437,24.7,115.35,7.7,1.5
3,2,random,shared,shared,-1,0.1,20,0.6666666666666666,0.0,16.4,7.589119635511438,24.7,115.35,15.3,1.5
3,2,symmetric,centralized,centralized,-1,0.0,20,0.6666666666666666,0.0,6.0,0.0,6.0,98.0,0.0,1.5
3,2,symmetric,centralized,centralized,-1,0.05,20,0.6666666666666666,0.0,6.0,0.0,6.0,98.0,6.35,1.5
3,2,symmetric,centralized,centralized,-1,0.1,20,0.6666666666666666,0.0,6.0,0.0,6.0,98.0,13.05,1.5
3,2,symmetric,independent,independent,-1,0.0,20,0.6666666666666666,0.0,6.0,0.0,6.0,90.0,0.0,1.5
3,2,symmetric,independent,independent,-1,0.05,20,0.6666666666666666,0.0,6.0,0.0,6.0,90.0,6.95,1.5
3,2,symmetric,independent,independent,-1,0.1,20,0.6666666666666666,0.0,6.0,0.0,6.0,90.0,12.65,1.5
3,2,symmetric,peer(K=1),peer,1,0.0,20,0.6666666666666666,0.0,6.0,0.0,6.0,113.0,0.0,1.5
3,2,symmetric,peer(K=1),peer,1,0.05,20,0.6666666666666666,0.0,6.0,0.0,6.0,113.0,6.4,1.5
3,2,symmetric,peer(K=1),peer,1,0.1,20,0.6666666666666666,0.0,6.0,0.0,6.0,113.0,13.15,1.5
3,2,symmetric,peer(K=16),peer,16,0.0,20,0.6666666666666666,0.0,6.0,0.0,6.0,90.0,0.0,1.5
3,2,symmetric,peer(K=16),peer,16,0.05,20,0.6666666666666666,0.0,6.0,0.0,6.0,90.0,6.9,1.5
3,2,symmetric,peer(K=16),peer,16,0.1,20,0.6666666666666666,0.0,6.0,0.0,6.0,90.0,12.4,1.5
3,2,symmetric,peer(K=2),peer,2,0.0,20,0.6666666666666666,0.0,6.0,0.0,6.0,113.0,0.0,1.5
3,2,symmetric,peer(K=2),peer,2,0.05,20,0.6666666666666666,0.0,6.0,0.0,6.0,113.0,6.4,1.5
3,2,symmetric,peer(K=2),peer,2,0.1,20,0.6666666666666666,0.0,6.0,0.0,6.0,113.0,13.15,1.5
3,2,symmetric,peer(K=4),peer,4,0.0,20,0.6666666666666666,0.0,6.0,0.0,6.0,113.0,0.0,1.5
3,2,symmetric,peer(K=4),peer,4,0.05,20,0.6666666666666666,0.0,6.0,0.0,6.0,113.0,6.4,1.5
3,2,symmetric,peer(K=4),peer,4,0.1,20,0.6666666666666666,0.0,6.0,0.0,6.0,113.0,13.15,1.5
3,2,symmetric,peer(K=8),peer,8,0.0,20,0.6666666666666666,0.0,6.0,0.0,6.0,90.0,0.0,1.5
3,2,symmetric,peer(K=8),peer,8,0.05,20,0.6666666666666666,0.0,6.0,0.0,6.0,90.0,6.9,1.5
3,2,symmetric,peer(K=8),peer,8,0.1,20,0.6666666666666666,0.0,6.0,0.0,6.0,90.0,12.4,1.5
3,2,symmetric,shared,shared,-1,0.0,20,0.6666666666666666,0.0,6.0,0.0,6.0,113.0,0.0,1.5
3,2,symmetric,shared,shared,-1,0.05,20,0.6666666666666666,0.0,6.0,0.0,6.0,113.0,6.4,1.5
3,2,symmetric,shared,shared,-1,0.1,20,0.6666666666666666,0.0,6.0,0.0,6.0,113.0,13.15,1.5
3,3,asymmetric,centralized,centralized,-1,0.0,20,1.0,0.0,16.666666666666668,0.0,41.0,35.0,0.0,1.0
3,3,asymmetric,centralized,centralized,-1,0.05,20,1.0,0.0,16.666666666666668,0.0,41.0,35.0,3.35,1.0
3,3,asymmetric,centralized,centralized,-1,0.1,20,1.0,0.0,16.666666666666668,0.0,41.0,35.0,4.4,1.0
3,3,asymmetric,independent,independent,-1,0.0,20,1.0,0.0,10.666666666666666,0.0,23.0,28.0,0.0,1.0
3,3,asymmetric,independent,independent,-1,0.05,20,1.0,0.0,10.666666666666666,0.0,23.0,28.0,1.15,1.0
3,3,asymmetric,independent,independent,-1,0.1,20,1.0,0.0,10.666666666666666,0.0,23.0,28.0,2.7,1.0
3,3,asymmetric,peer(K=1),peer,1,0.0,20,1.0,0.0,16.666666666666668,0.0,41.0,40.0,0.0,1.0
3,3,asymmetric,peer(K=1),peer,1,0.05,20,1.0,0.0,16.666666666666668,0.0,41.0,40.0,2.4,1.0
3,3,asymmetric,peer(K=1),peer,1,0.1,20,1.0,0.0,16.666666666666668,0.0,41.0,40.0,4.25,1.0
3,3,asymmetric,peer(K=16),peer,16,0.0,20,1.0,0.0,10.666666666666666,0.0,23.0,28.0,0.0,1.0
3,3,asymmetric,peer(K=16),peer,16,0.05,20,1.0,0.0,10.666666666666666,0.0,23.0,28.0,1.15,1.0
3,3,asymmetric,peer(K=16),peer,16,0.1,20,1.0,0.0,10.666666666666666,0.0,23.0,28.0,2.7,1.0
3,3,asymmetric,peer(K=2),peer,2,0.0,20,1.0,0.0,16.666666666666668,0.0,41.0,40.0,0.0,1.0
3,3,asymmetric,peer(K=2),peer,2,0.05,20,1.0,0.0,16.666666666666668,0.0,41.0,40.0,2.4,1.0
3,3,asymmetric,peer(K=2),peer,2,0.1,20,1.0,0.0,16.666666666666668,0.0,41.0,40.0,4.25,1.0
3,3,asymmetric,peer(K=4),peer,4,0.0,20,1.0,0.0,22.666666666666668,0.0,59.0,52.0,0.0,1.0
3,3,asymmetric,peer(K=4),peer,4,0.05,20,1.0,0.0,22.666666666666668,0.0,59.0,52.0,4.05,1.0
3,3,asymmetric,peer(K=4),peer,4,0.1,20,1.0,0.0,22.666666666666668,0.0,59.0,52.0,7.2,1.0
3,3,asymmetric,peer(K=8),peer,8,0.0,20,1.0,0.0,10.666666666666666,0.0,23.0,28.0,0.0,1.0
3,3,asymmetric,peer(K=8),peer,8,0.05,20,1.0,0.0,10.666666666666666,0.0,23.0,28.0,1.15,1.0
3,3,asymmetric,peer(K=8),peer,8,0.1,20,1.0,0.0,10.666666666666666,0.0,23.0,28.0,2.7,1.0
3,3,asymmetric,shared,shared,-1,0.0,20,1.0,0.0,16.666666666666668,0.0,41.0,40.0,0.0,1.0
3,3,asymmetric,shared,shared,-1,0.05,20,1.0,0.0,16.666666666666668,0.0,41.0,40.0,2.4,1.0
3,3,asymmetric,shared,shared,-1,0.1,20,1.0,0.0,16.666666666666668,0.0,41.0,40.0,4.25,1.0
3,3,random,centralized,centralized,-1,0.0,20,0.7333333333333333,0.29814239699997197,13.236842105263158,9.62976926724368,24.63157894736842,44.5,0.0,1.0
3,3,random,centralized,centralized,-1,0.05,20,0.7333333333333333,0.29814239699997197,13.236842105263158,9.62976926724368,24.63157894736842,44.5,18.35,1.0
3,3,random,centralized,centralized,-1,0.1,20,0.7333333333333333,0.29814239699997197,13.236842105263158,9.62976926724368,24.63157894736842,44.5,20.15,1.0
3,3,random,independent,independent,-1,0.0,20,0.7333333333333333,0.2778362511554969,13.308333333333334,9.57018930804469,26.2,52.7,0.0,1.0
3,3,random,independent,independent,-1,0.05,20,0.7333333333333333,0.2778362511554969,13.308333333333334,9.57018930804469,26.2,52.7,7.1,1.0
3,3,random,independent,independent,-1,0.1,20,0.7333333333333333,0.2778362511554969,13.308333333333334,9.570189308044688,26.2,52.7,16.75,1.0
3,3,random,peer(K=1),peer,1,0.0,20,0.7666666666666666,0.2671049030620106,15.18421052631579,9.472978910284656,28.842105263157894,50.45,0.0,1.0
3,3,random,peer(K=1),peer,1,0.05,20,0.7666666666666666,0.2671049030620106,15.18421052631579,9.472978910284656,28.842105263157894,50.45,17.7,1.0
3,3,random,peer(K=1),peer,1,0.1,20,0.7666666666666667,0.2671049030620106,15.18421052631579,9.472978910284656,28.842105263157894,50.45,15.8,1.0
3,3,random,peer(K=16),peer,16,0.0,20,0.6833333333333333,0.29568040277433905,12.482456140350877,8.259654795203758,23.473684210526315,52.85,0.0,1.0
3,3,random,peer(K=16),peer,16,0.05,20,0.6833333333333333,0.29568040277433905,12.482456140350877,8.259654795203758,23.473684210526315,52.85,12.15,1.0
3,3,random,peer(K=16),peer,16,0.1,20,0.6833333333333333,0.29568040277433905,12.482456140350877,8.259654795203758,23.473684210526315,52.85,11.25,1.0
3,3,random,peer(K=2),peer,2,0.0,20,0.7166666666666666,0.24838660679019828,13.228070175438598,8.188219957284728,23.63157894736842,51.4,0.0,1.0
3,3,random,peer(K=2),peer,2,0.05,20,0.7166666666666666,0.24838660679019825,13.228070175438598,8.188219957284726,23.63157894736842,51.4,17.65,1.0
3,3,random,peer(K=2),peer,2,0.1,20,0.7166666666666666,0.24838660679019825,13.228070175438598,8.188219957284728,23.63157894736842,51.4,16.5,1.0
3,3,random,peer(K=4),peer,4,0.0,20,0.7833333333333333,0.270909233629083,15.771929824561404,10.997503999409322,30.105263157894736,48.75,0.0,1.0
3,3,random,peer(K=4),peer,4,0.05,20,0.7833333333333333,0.270909233629083,15.771929824561404,10.997503999409323,30.105263157894736,48.75,13.95,1.0
3,3,random,peer(K=4),peer,4,0.1,20,0.7833333333333333,0.2709092336290829,15.771929824561404,10.997503999409323,30.105263157894736,48.75,15.4,1.0
3,3,random,peer(K=8),peer,8,0.0,20,0.7,0.28408054207559685,12.508771929824562,7.901295737661203,23.526315789473685,52.7,0.0,1.0
3,3,random,peer(K=8),peer,8,0.05,20,0.7,0.2840805420755968,12.508771929824562,7.901295737661204,23.526315789473685,52.7,17.15,1.0
3,3,random,peer(K=8),peer,8,0.1,20,0.7,0.2840805420755968,12.508771929824562,7.901295737661204,23.526315789473685,52.7,10.8,1.0
3,3,random,shared,shared,-1,0.0,20,0.9166666666666666,0.21288879121950172,18.2,10.0019881064652,37.55,49.25,0.0,1.0
3,3,random,shared,shared,-1,0.05,20,0.9166666666666666,0.21288879121950172,18.2,10.0019881064652,37.55,49.25,7.5,1.0
3,3,random,shared,shared,-1,0.1,20,0.9166666666666666,0.2128887912195017,18.2,10.0019881064652,37.55,49.25,11.45,1.0
3,3,symmetric,centralized,centralized,-1,0.0,20,1.0,0.0,7.666666666666667,0.0,11.0,21.0,0.0,1.0
3,3,symmetric,centralized,centralized,-1,0.05,20,1.0,0.0,7.666666666666667,0.0,11.0,21.0,1.3,1.0
3,3,symmetric,centralized,centralized,-1,0.1,20,1.0,0.0,7.666666666666667,0.0,11.0,21.0,2.2,1.0
3,3,symmetric,independent,independent,-1,0.0,20,1.0,0.0,18.333333333333332,0.0,43.0,51.0,0.0,1.0
3,3,symmetric,independent,independent,-1,0.05,20,1.0,0.0,18.333333333333332,0.0,43.0,51.0,3.5,1.0
3,3,symmetric,independent,independent,-1,0.1,20,1.0,0.0,18.333333333333332,0.0,43.0,51.0,4.75,1.0
3,3,symmetric,peer(K=1),peer,1,0.0,20,1.0,0.0,7.666666666666667,0.0,11.0,21.0,0.0,1.0
3,3,symmetric,peer(K=1),peer,1,0.05,20,1.0,0.0,7.666666666666667,0.0,11.0,21.0,1.3,1.0
3,3,symmetric,peer(K=1),peer,1,0.1,20,1.0,0.0,7.666666666666667,0.0,11.0,21.0,2.2,1.0
3,3,symmetric,peer(K=16),peer,16,0.0,20,1.0,0.0,18.333333333333332,0.0,43.0,51.0,0.0,1.0
3,3,symmetric,peer(K=16),peer,16,0.05,20,1.0,0.0,18.333333333333332,0.0,43.0,51.0,3.5,1.0
3,3,symmetric,peer(K=16),peer,16,0.1,20,1.0,0.0,18.333333333333332,0.0,43.0,51.0,4.75,1.0
3,3,symmetric,peer(K=2),peer,2,0.0,20,1.0,0.0,7.666666666666667,0.0,11.0,21.0,0.0,1.0
3,3,symmetric,peer(K=2),peer,2,0.05,20,1.0,0.0,7.666666666666667,0.0,11.0,21.0,1.3,1.0
3,3,symmetric,peer(K=2),peer,2,0.1,20,1.0,0.0,7.666666666666667,0.0,11.0,21.0,2.2,1.0
3,3,symmetric,peer(K=4),peer,4,0.0,20,1.0,0.0,7.666666666666667,0.0,11.0,21.0,0.0,1.0
3,3,symmetric,peer(K=4),peer,4,0.05,20,1.0,0.0,7.666666666666667,0.0,11.0,21.0,1.3,1.0
3,3,symmetric,peer(K=4),peer,4,0.1,20,1.0,0.0,7.666666666666667,0.0,11.0,21.0,2.2,1.0
3,3,symmetric,peer(K=8),peer,8,0.0,20,1.0,0.0,18.333333333333332,0.0,43.0,51.0,0.0,1.0
3,3,symmetric,peer(K=8),peer,8,0.05,20,1.0,0.0,18.333333333333332,0.0,43.0,51.0,3.5,1.0
3,3,symmetric,peer(K=8),peer,8,0.1,20,1.0,0.0,18.333333333333332,0.0,43.0,51.0,4.75,1.0
3,3,symmetric,shared,shared,-1,0.0,20,1.0,0.0,7.666666666666667,0.0,11.0,21.0,0.0,1.0
3,3,symmetric,shared,shared,-1,0.05,20,1.0,0.0,7.666666666666667,0.0,11.0,21.0,1.3,1.0
3,3,symmetric,shared,shared,-1,0.1,20,1.0,0.0,7.666666666666667,0.0,11.0,21.0,2.2,1.0
5,2,asymmetric,centralized,centralized,-1,0.0,20,0.4,0.0,4.5,0.0,5.0,135.0,0.0,2.5
5,2,asymmetric,centralized,centralized,-1,0.05,20,0.4,0.0,4.5,0.0,5.0,135.0,14.65,2.5
5,2,asymmetric,centralized,centralized,-1,0.1,20,0.4,0.0,4.5,0.0,5.0,135.0,27.05,2.5
5,2,asymmetric,independent,independent,-1,0.0,20,0.4,0.0,4.5,0.0,5.0,170.0,0.0,2.5
5,2,asymmetric,independent,independent,-1,0.05,20,0.4,0.0,4.5,0.0,5.0,170.0,14.55,2.5
5,2,asymmetric,independent,independent,-1,0.1,20,0.4,0.0,4.5,0.0,5.0,170.0,38.5,2.5
5,2,asymmetric,peer(K=1),peer,1,0.0,20,0.4,0.0,4.5,0.0,5.0,130.0,0.0,2.5
5,2,asymmetric,peer(K=1),peer,1,0.05,20,0.4,0.0,4.5,0.0,5.0,130.0,18.9,2.5
5,2,asymmetric,peer(K=1),peer,1,0.1,20,0.4,0.0,4.5,0.0,5.0,130.0,45.35,2.5
5,2,asymmetric,peer(K=16),peer,16,0.0,20,0.4,0.0,4.5,0.0,5.0,170.0,0.0,2.5
5,2,asymmetric,peer(K=16),peer,16,0.05,20,0.4,0.0,4.5,0.0,5.0,170.0,14.5,2.5
5,2,asymmetric,peer(K=16),peer,16,0.1,20,0.4,0.0,4.5,0.0,5.0,170.0,38.2,2.5
5,2,asymmetric,peer(K=2),peer,2,0.0,20,0.4,0.0,4.5,0.0,5.0,130.0,0.0,2.5
5,2,asymmetric,peer(K=2),peer,2,0.05,20,0.4,0.0,4.5,0.0,5.0,130.0,18.9,2.5
5,2,asymmetric,peer(K=2),peer,2,0.1,20,0.4,0.0,4.5,0.0,5.0,130.0,45.35,2.5
5,2,asymmetric,peer(K=4),peer,4,0.0,20,0.4,0.0,4.5,0.0,5.0,100.0,0.0,2.5
5,2,asymmetric,peer(K=4),peer,4,0.05,20,0.4,0.0,4.5,0.0,5.0,100.0,30.45,2.5
5,2,asymmetric,peer(K=4),peer,4,0.1,20,0.4,0.0,4.5,0.0,5.0,100.0,47.3,2.5
5,2,asymmetric,peer(K=8),peer,8,0.0,20,0.4,0.0,4.5,0.0,5.0,170.0,0.0,2.5
5,2,asymmetric,peer(K=8),peer,8,0.05,20,0.4,0.0,4.5,0.0,5.0,170.0,14.5,2.5
5,2,asymmetric,peer(K=8),peer,8,0.1,20,0.4,0.0,4.5,0.0,5.0,170.0,38.2,2.5
5,2,asymmetric,shared,shared,-1,0.0,20,0.4,0.0,4.5,0.0,5.0,137.0,0.0,2.5
5,2,asymmetric,shared,shared,-1,0.05,20,0.4,0.0,4.5,0.0,5.0,137.0,19.7,2.5
5,2,asymmetric,shared,shared,-1,0.1,20,0.4,0.0,4.5,0.0,5.0,137.0,44.85,2.5
5,2,random,centralized,centralized,-1,0.0,20,0.38,0.061558701125109264,13.0,9.887525367590055,19.55,183.0,0.0,2.5
5,2,random,centralized,centralized,-1,0.05,20,0.38,0.06155870112510925,13.0,9.887525367590055,19.55,183.0,21.6,2.5
5,2,random,centralized,centralized,-1,0.1,20,0.38,0.06155870112510926,13.0,9.887525367590055,19.55,183.0,30.1,2.5
5,2,random,independent,independent,-1,0.0,20,0.36,0.08207826816681234,9.6,6.410517673488254,12.85,195.4,0.0,2.5
5,2,random,independent,independent,-1,0.05,20,0.36,0.08207826816681232,9.6,6.410517673488254,12.85,195.4,26.25,2.5
5,2,random,independent,independent,-1,0.1,20,0.36,0.08207826816681234,9.6,6.410517673488254,12.85,195.4,37.55,2.5
5,2,random,peer(K=1),peer,1,0.0,20,0.38,0.061558701125109264,13.05,9.8740755729867,19.6,177.85,0.0,2.5
5,2,random,peer(K=1),peer,1,0.05,20,0.38,0.06155870112510925,13.05,9.8740755729867,19.6,177.85,23.15,2.5
5,2,random,peer(K=1),peer,1,0.1,20,0.38,0.06155870112510925,13.05,9.8740755729867,19.6,177.85,35.45,2.5
5,2,random,peer(K=16),peer,16,0.0,20,0.38,0.06155870112510925,13.55,12.309495692778253,20.4,186.0,0.0,2.5
5,2,random,peer(K=16),peer,16,0.05,20,0.38,0.06155870112510925,13.55,12.309495692778253,20.4,186.0,22.25,2.5
5,2,random,peer(K=16),peer,16,0.1,20,0.38,0.06155870112510925,13.55,12.309495692778253,20.4,186.0,35.15,2.5
5,2,random,peer(K=2),peer,2,0.0,20,0.39,0.04472135954999581,12.0,7.662279446469534,17.55,173.15,0.0,2.5
5,2,random,peer(K=2),peer,2,0.05,20,0.39,0.04472135954999581,12.0,7.662279446469534,17.55,173.15,19.35,2.5
5,2,random,peer(K=2),peer,2,0.1,20,0.39,0.044721359549995815,12.0,7.662279446469534,17.55,173.15,37.25,2.5
5,2,random,peer(K=4),peer,4,0.0,20,0.37,0.0978720969859186,12.447368421052632,7.5072090109775775,18.57894736842105,180.35,0.0,2.5
5,2,random,peer(K=4),peer,4,0.05,20,0.37,0.0978720969859186,12.447368421052632,7.507209010977577,18.57894736842105,180.35,12.3,2.5
5,2,random,peer(K=4),peer,4,0.1,20,0.37,0.0978720969859186,12.447368421052632,7.507209010977577,18.57894736842105,180.35,40.45,2.5
5,2,random,peer(K=8),peer,8,0.0,20,0.37,0.0978720969859186,12.473684210526315,8.561012537808518,18.63157894736842,194.5,0.0,2.5
5,2,random,peer(K=8),peer,8,0.05,20,0.37,0.0978720969859186,12.473684210526315,8.561012537808516,18.63157894736842,194.5,14.05,2.5
5,2,random,peer(K=8),peer,8,0.1,20,0.37,0.0978720969859186,12.473684210526315,8.561012537808518,18.63157894736842,194.5,33.45,2.5
5,2,random,shared,shared,-1,0.0,20,0.39,0.0447213595499958,10.075,4.609129955573874,13.8,199.65,0.0,2.5
5,2,random,shared,shared,-1,0.05,20,0.39,0.0447213595499958,10.075,4.609129955573874,13.8,199.65,21.25,2.5
5,2,random,shared,shared,-1,0.1,20,0.39,0.0447213595499958,10.075,4.609129955573874,13.8,199.65,42.25,2.5
5,2,symmetric,centralized,centralized,-1,0.0,20,0.4,0.0,5.5,0.0,6.0,152.0,0.0,2.5
5,2,symmetric,centralized,centralized,-1,0.05,20,0.4,0.0,5.5,0.0,6.0,152.0,28.9,2.5
5,2,symmetric,centralized,centralized,-1,0.1,20,0.4,0.0,5.5,0.0,6.0,152.0,39.95,2.5
5,2,symmetric,independent,independent,-1,0.0,20,0.4,0.0,5.5,0.0,6.0,286.0,0.0,2.5
5,2,symmetric,independent,independent,-1,0.05,20,0.4,0.0,5.5,0.0,6.0,286.0,19.45,2.5
5,2,symmetric,independent,independent,-1,0.1,20,0.4,0.0,5.5,0.0,6.0,286.0,37.3,2.5
5,2,symmetric,peer(K=1),peer,1,0.0,20,0.4,0.0,5.5,0.0,6.0,152.0,0.0,2.5
5,2,symmetric,peer(K=1),peer,1,0.05,20,0.4,0.0,5.5,0.0,6.0,152.0,28.9,2.5
5,2,symmetric,peer(K=1),peer,1,0.1,20,0.4,0.0,5.5,0.0,6.0,152.0,39.95,2.5
5,2,symmetric,peer(K=16),peer,16,0.0,20,0.4,0.0,5.5,0.0,6.0,290.0,0.0,2.5
5,2,symmetric,peer(K=16),peer,16,0.05,20,0.4,0.0,5.5,0.0,6.0,290.0,19.65,2.5
5,2,symmetric,peer(K=16),peer,16,0.1,20,0.4,0.0,5.5,0.0,6.0,290.0,37.45,2.5
5,2,symmetric,peer(K=2),peer,2,0.0,20,0.4,0.0,5.5,0.0,6.0,219.0,0.0,2.5
5,2,symmetric,peer(K=2),peer,2,0.05,20,0.4,0.0,5.5,0.0,6.0,219.0,20.35,2.5
5,2,symmetric,peer(K=2),peer,2,0.1,20,0.4,0.0,5.5,0.0,6.0,219.0,37.3,2.5
5,2,symmetric,peer(K=4),peer,4,0.0,20,0.4,0.0,5.5,0.0,6.0,219.0,0.0,2.5
5,2,symmetric,peer(K=4),peer,4,0.05,20,0.4,0.0,5.5,0.0,6.0,219.0,20.35,2.5
5,2,symmetric,peer(K=4),peer,4,0.1,20,0.4,0.0,5.5,0.0,6.0,219.0,37.3,2.5
5,2,symmetric,peer(K=8),peer,8,0.0,20,0.4,0.0,5.5,0.0,6.0,290.0,0.0,2.5
5,2,symmetric,peer(K=8),peer,8,0.05,20,0.4,0.0,5.5,0.0,6.0,290.0,19.65,2.5
5,2,symmetric,peer(K=8),peer,8,0.1,20,0.4,0.0,5.5,0.0,6.0,290.0,37.45,2.5
5,2,symmetric,shared,shared,-1,0.0,20,0.4,0.0,5.5,0.0,6.0,152.0,0.0,2.5
5,2,symmetric,shared,shared,-1,0.05,20,0.4,0.0,5.5,0.0,6.0,152.0,28.9,2.5
5,2,symmetric,shared,shared,-1,0.1,20,0.4,0.0,5.5,0.0,6.0,152.0,39.95,2.5
5,3,asymmetric,centralized,centralized,-1,0.0,20,0.6,0.0,4.333333333333333,0.0,5.0,156.0,0.0,1.6666666666666667
5,3,asymmetric,centralized,centralized,-1,0.05,20,0.6,0.0,4.333333333333333,0.0,5.0,156.0,12.9,1.6666666666666667
5,3,asymmetric,centralized,centralized,-1,0.1,20,0.6,0.0,4.333333333333333,0.0,5.0,156.0,25.3,1.6666666666666667
5,3,asymmetric,independent,independent,-1,0.0,20,0.6,0.0,4.333333333333333,0.0,5.0,186.0,0.0,1.6666666666666667
5,3,asymmetric,independent,independent,-1,0.05,20,0.6,0.0,4.333333333333333,0.0,5.0,186.0,12.05,1.6666666666666667
5,3,asymmetric,independent,independent,-1,0.1,20,0.6,0.0,4.333333333333333,0.0,5.0,186.0,25.55,1.6666666666666667
5,3,asymmetric,peer(K=1),peer,1,0.0,20,0.6,0.0,4.333333333333333,0.0,5.0,173.0,0.0,1.6666666666666667
5,3,asymmetric,peer(K=1),peer,1,0.05,20,0.6,0.0,4.333333333333333,0.0,5.0,173.0,12.9,1.6666666666666667
5,3,asymmetric,peer(K=1),peer,1,0.1,20,0.6,0.0,4.333333333333333,0.0,5.0,173.0,24.55,1.6666666666666667
5,3,asymmetric,peer(K=16),peer,16,0.0,20,0.6,0.0,4.333333333333333,0.0,5.0,199.0,0.0,1.6666666666666667
5,3,asymmetric,peer(K=16),peer,16,0.05,20,0.6,0.0,4.333333333333333,0.0,5.0,199.0,12.95,1.6666666666666667
5,3,asymmetric,peer(K=16),peer,16,0.1,20,0.6,0.0,4.333333333333333,0.0,5.0,199.0,26.25,1.6666666666666667
5,3,asymmetric,peer(K=2),peer,2,0.0,20,0.6,0.0,4.333333333333333,0.0,5.0,173.0,0.0,1.6666666666666667
5,3,asymmetric,peer(K=2),peer,2,0.05,20,0.6,0.0,4.333333333333333,0.0,5.0,173.0,12.9,1.6666666666666667
5,3,asymmetric,peer(K=2),peer,2,0.1,20,0.6,0.0,4.333333333333333,0.0,5.0,173.0,24.55,1.6666666666666667
5,3,asymmetric,peer(K=4),peer,4,0.0,20,0.6,0.0,4.333333333333333,0.0,5.0,187.0,0.0,1.6666666666666667
5,3,asymmetric,peer(K=4),peer,4,0.05,20,0.6,0.0,4.333333333333333,0.0,5.0,187.0,12.7,1.6666666666666667
5,3,asymmetric,peer(K=4),peer,4,0.1,20,0.6,0.0,4.333333333333333,0.0,5.0,187.0,26.8,1.6666666666666667
5,3,asymmetric,peer(K=8),peer,8,0.0,20,0.6,0.0,4.333333333333333,0.0,5.0,199.0,0.0,1.6666666666666667
5,3,asymmetric,peer(K=8),peer,8,0.05,20,0.6,0.0,4.333333333333333,0.0,5.0,199.0,12.95,1.6666666666666667
5,3,asymmetric,peer(K=8),peer,8,0.1,20,0.6,0.0,4.333333333333333,0.0,5.0,199.0,26.25,1.6666666666666667
5,3,asymmetric,shared,shared,-1,0.0,20,0.6,0.0,4.333333333333333,0.0,5.0,167.0,0.0,1.6666666666666667
5,3,asymmetric,shared,shared,-1,0.05,20,0.6,0.0,4.333333333333333,0.0,5.0,167.0,13.2,1.6666666666666667
5,3,asymmetric,shared,shared,-1,0.1,20,0.6,0.0,4.333333333333333,0.0,5.0,167.0,25.55,1.6666666666666667
5,3,random,centralized,centralized,-1,0.0,20,0.51,0.1372665482306519,9.341666666666667,6.023704393467781,15.5,112.9,0.0,1.6666666666666667
5,3,random,centralized,centralized,-1,0.05,20,0.51,0.13726654823065193,9.341666666666667,6.023704393467781,15.5,112.9,13.0,1.6666666666666667
5,3,random,centralized,centralized,-1,0.1,20,0.51,0.13726654823065193,9.341666666666667,6.02370439346778,15.5,112.9,25.95,1.6666666666666667
5,3,random,independent,independent,-1,0.0,20,0.54,0.11424811411549585,11.316666666666666,7.133829299039631,20.45,115.0,0.0,1.6666666666666667
5,3,random,independent,independent,-1,0.05,20,0.54,0.11424811411549586,11.316666666666666,7.133829299039631,20.45,115.0,19.7,1.6666666666666667
5,3,random,independent,independent,-1,0.1,20,0.5399999999999999,0.11424811411549586,11.316666666666666,7.133829299039631,20.45,115.0,22.65,1.6666666666666667
5,3,random,peer(K=1),peer,1,0.0,20,0.51,0.13726654823065193,9.508333333333333,6.8292617309247765,16.0,106.25,0.0,1.6666666666666667
5,3,random,peer(K=1),peer,1,0.05,20,0.51,0.13726654823065193,9.508333333333333,6.829261730924777,16.0,106.25,11.7,1.6666666666666667
5,3,random,peer(K=1),peer,1,0.1,20,0.51,0.13726654823065193,9.508333333333333,6.829261730924776,16.0,106.25,25.05,1.6666666666666667
5,3,random,peer(K=16),peer,16,0.0,20,0.5,0.13764944032233703,8.166666666666668,4.30252204020302,12.0,105.7,0.0,1.6666666666666667
5,3,random,peer(K=16),peer,16,0.05,20,0.5,0.13764944032233703,8.166666666666668,4.30252204020302,12.0,105.7,11.8,1.6666666666666667
5,3,random,peer(K=16),peer,16,0.1,20,0.5,0.13764944032233703,8.166666666666668,4.302522040203019,12.0,105.7,39.7,1.6666666666666667
5,3,random,peer(K=2),peer,2,0.0,20,0.5,0.13764944032233703,9.925,6.9063228509560295,16.9,102.95,0.0,1.6666666666666667
5,3,random,peer(K=2),peer,2,0.05,20,0.5,0.13764944032233703,9.925,6.9063228509560295,16.9,102.95,27.6,1.6666666666666667
5,3,random,peer(K=2),peer,2,0.1,20,0.5,0.13764944032233706,9.925,6.9063228509560295,16.9,102.95,25.0,1.6666666666666667
5,3,random,peer(K=4),peer,4,0.0,20,0.53,0.11742858972247992,8.825,3.103231196615734,13.9,98.25,0.0,1.6666666666666667
5,3,random,peer(K=4),peer,4,0.05,20,0.53,0.11742858972247994,8.825,3.103231196615734,13.9,98.25,6.2,1.6666666666666667
5,3,random,peer(K=4),peer,4,0.1,20,0.53,0.11742858972247995,8.825,3.1032311966157344,13.9,98.25,23.35,1.6666666666666667
5,3,random,peer(K=8),peer,8,0.0,20,0.51,0.13726654823065193,8.766666666666667,4.834512862728058,13.4,90.0,0.0,1.6666666666666667
5,3,random,peer(K=8),peer,8,0.05,20,0.51,0.13726654823065193,8.766666666666667,4.834512862728058,13.4,90.0,5.05,1.6666666666666667
5,3,random,peer(K=8),peer,8,0.1,20,0.51,0.13726654823065193,8.766666666666667,4.834512862728058,13.4,90.0,38.05,1.6666666666666667
5,3,random,shared,shared,-1,0.0,20,0.55,0.11002392084403616,10.158333333333333,6.944953782490973,17.55,157.35,0.0,1.6666666666666667
5,3,random,shared,shared,-1,0.05,20,0.55,0.11002392084403616,10.158333333333333,6.944953782490974,17.55,157.35,21.75,1.6666666666666667
5,3,random,shared,shared,-1,0.1,20,0.55,0.11002392084403614,10.158333333333333,6.944953782490973,17.55,157.35,26.1,1.6666666666666667
5,3,symmetric,centralized,centralized,-1,0.0,20,0.6,0.0,9.0,0.0,16.0,173.0,0.0,1.6666666666666667
5,3,symmetric,centralized,centralized,-1,0.05,20,0.6,0.0,9.0,0.0,16.0,173.0,13.9,1.6666666666666667
5,3,symmetric,centralized,centralized,-1,0.1,20,0.6,0.0,9.0,0.0,16.0,173.0,25.4,1.6666666666666667
5,3,symmetric,independent,independent,-1,0.0,20,0.6,0.0,12.333333333333334,0.0,26.0,194.0,0.0,1.6666666666666667
5,3,symmetric,independent,independent,-1,0.05,20,0.6,0.0,12.333333333333334,0.0,26.0,194.0,14.4,1.6666666666666667
5,3,symmetric,independent,independent,-1,0.1,20,0.6,0.0,12.333333333333334,0.0,26.0,194.0,25.9,1.6666666666666667
5,3,symmetric,peer(K=1),peer,1,0.0,20,0.6,0.0,9.0,0.0,16.0,177.0,0.0,1.6666666666666667
5,3,symmetric,peer(K=1),peer,1,0.05,20,0.6,0.0,9.0,0.0,16.0,177.0,13.6,1.6666666666666667
5,3,symmetric,peer(K=1),peer,1,0.1,20,0.6,0.0,9.0,0.0,16.0,177.0,23.6,1.6666666666666667
5,3,symmetric,peer(K=16),peer,16,0.0,20,0.6,0.0,12.333333333333334,0.0,26.0,178.0,0.0,1.6666666666666667
5,3,symmetric,peer(K=16),peer,16,0.05,20,0.6,0.0,12.333333333333334,0.0,26.0,178.0,16.6,1.6666666666666667
5,3,symmetric,peer(K=16),peer,16,0.1,20,0.6,0.0,12.333333333333334,0.0,26.0,178.0,28.0,1.6666666666666667
5,3,symmetric,peer(K=2),peer,2,0.0,20,0.6,0.0,7.333333333333333,0.0,11.0,188.0,0.0,1.6666666666666667
5,3,symmetric,peer(K=2),peer,2,0.05,20,0.6,0.0,7.333333333333333,0.0,11.0,188.0,12.3,1.6666666666666667
5,3,symmetric,peer(K=2),peer,2,0.1,20,0.6,0.0,7.333333333333333,0.0,11.0,188.0,25.25,1.6666666666666667
5,3,symmetric,peer(K=4),peer,4,0.0,20,0.6,0.0,7.333333333333333,0.0,11.0,194.0,0.0,1.6666666666666667
5,3,symmetric,peer(K=4),peer,4,0.05,20,0.6,0.0,7.333333333333333,0.0,11.0,194.0,13.55,1.6666666666666667
5,3,symmetric,peer(K=4),peer,4,0.1,20,0.6,0.0,7.333333333333333,0.0,11.0,194.0,26.9,1.6666666666666667
5,3,symmetric,peer(K=8),peer,8,0.0,20,0.6,0.0,12.333333333333334,0.0,26.0,185.0,0.0,1.6666666666666667
5,3,symmetric,peer(K=8),peer,8,0.05,20,0.6,0.0,12.333333333333334,0.0,26.0,185.0,15.95,1.6666666666666667
5,3,symmetric,peer(K=8),peer,8,0.1,20,0.6,0.0,12.333333333333334,0.0,26.0,185.0,27.15,1.6666666666666667
5,3,symmetric,shared,shared,-1,0.0,20,0.6,0.0,9.0,0.0,16.0,182.0,0.0,1.6666666666666667
5,3,symmetric,shared,shared,-1,0.05,20,0.6,0.0,9.0,0.0,16.0,182.0,14.1,1.6666666666666667
5,3,symmetric,shared,shared,-1,0.1,20,0.6,0.0,9.0,0.0,16.0,182.0,24.85,1.6666666666666667
5,5,asymmetric,centralized,centralized,-1,0.0,20,0.8,0.0,4.25,0.0,5.0,39.0,0.0,1.0
5,5,asymmetric,centralized,centralized,-1,0.05,20,0.8,0.0,4.25,0.0,5.0,39.0,16.05,1.0
5,5,asymmetric,centralized,centralized,-1,0.1,20,0.8,0.0,4.25,0.0,5.0,39.0,17.95,1.0
5,5,asymmetric,independent,independent,-1,0.0,20,1.0,0.0,5.6,0.0,11.0,25.0,0.0,1.0
5,5,asymmetric,independent,independent,-1,0.05,20,1.0,0.0,5.6,0.0,11.0,25.0,1.65,1.0
5,5,asymmetric,independent,independent,-1,0.1,20,1.0,0.0,5.6,0.0,11.0,25.0,2.4,1.0
5,5,asymmetric,peer(K=1),peer,1,0.0,20,0.8,0.0,4.25,0.0,5.0,39.0,0.0,1.0
5,5,asymmetric,peer(K=1),peer,1,0.05,20,0.8,0.0,4.25,0.0,5.0,39.0,16.05,1.0
5,5,asymmetric,peer(K=1),peer,1,0.1,20,0.8,0.0,4.25,0.0,5.0,39.0,17.95,1.0
5,5,asymmetric,peer(K=16),peer,16,0.0,20,1.0,0.0,5.6,0.0,11.0,25.0,0.0,1.0
5,5,asymmetric,peer(K=16),peer,16,0.05,20,1.0,0.0,5.6,0.0,11.0,25.0,1.65,1.0
5,5,asymmetric,peer(K=16),peer,16,0.1,20,1.0,0.0,5.6,0.0,11.0,25.0,2.4,1.0
5,5,asymmetric,peer(K=2),peer,2,0.0,20,0.8,0.0,4.25,0.0,5.0,39.0,0.0,1.0
5,5,asymmetric,peer(K=2),peer,2,0.05,20,0.8,0.0,4.25,0.0,5.0,39.0,16.05,1.0
5,5,asymmetric,peer(K=2),peer,2,0.1,20,0.8,0.0,4.25,0.0,5.0,39.0,17.95,1.0
5,5,asymmetric,peer(K=4),peer,4,0.0,20,0.8,0.0,4.25,0.0,5.0,37.0,0.0,1.0
5,5,asymmetric,peer(K=4),peer,4,0.05,20,0.8,0.0,4.25,0.0,5.0,37.0,16.0,1.0
5,5,asymmetric,peer(K=4),peer,4,0.1,20,0.8,0.0,4.25,0.0,5.0,37.0,18.25,1.0
5,5,asymmetric,peer(K=8),peer,8,0.0,20,1.0,0.0,5.6,0.0,11.0,25.0,0.0,1.0
5,5,asymmetric,peer(K=8),peer,8,0.05,20,1.0,0.0,5.6,0.0,11.0,25.0,1.65,1.0
5,5,asymmetric,peer(K=8),peer,8,0.1,20,1.0,0.0,5.6,0.0,11.0,25.0,2.4,1.0
5,5,asymmetric,shared,shared,-1,0.0,20,1.0,0.0,9.2,0.0,29.0,39.0,0.0,1.0
5,5,asymmetric,shared,shared,-1,0.05,20,1.0,0.0,9.2,0.0,29.0,39.0,2.45,1.0
5,5,asymmetric,shared,shared,-1,0.1,20,1.0,0.0,9.2,0.0,29.0,39.0,4.6,1.0
5,5,random,centralized,centralized,-1,0.0,20,0.65,0.15727950313140984,7.658333333333334,2.7062441334701353,12.7,49.3,0.0,1.0
5,5,random,centralized,centralized,-1,0.05,20,0.65,0.15727950313140984,7.658333333333333,2.7062441334701357,12.7,49.3,8.65,1.0
5,5,random,centralized,centralized,-1,0.1,20,0.65,0.1572795031314099,7.658333333333333,2.706244133470135,12.7,49.3,18.0,1.0
5,5,random,independent,independent,-1,0.0,20,0.6900000000000001,0.13726654823065196,11.3875,6.489435578138287,22.95,65.75,0.0,1.0
5,5,random,independent,independent,-1,0.05,20,0.6900000000000001,0.13726654823065196,11.3875,6.489435578138289,22.95,65.75,12.05,1.0
5,5,random,independent,independent,-1,0.1,20,0.6900000000000001,0.13726654823065193,11.3875,6.489435578138289,22.95,65.75,12.85,1.0
5,5,random,peer(K=1),peer,1,0.0,20,0.65,0.1701392618446802,7.906666666666666,2.994626767008572,14.05,44.65,0.0,1.0
5,5,random,peer(K=1),peer,1,0.05,20,0.64,0.16670175069329815,7.581666666666666,2.817353803862829,12.8,43.75,8.6,1.0
5,5,random,peer(K=1),peer,1,0.1,20,0.64,0.16670175069329815,7.581666666666666,2.817353803862829,12.8,43.75,28.1,1.0
5,5,random,peer(K=16),peer,16,0.0,20,0.65,0.17013926184468012,9.931666666666667,6.597522794014725,20.25,60.75,0.0,1.0
5,5,random,peer(K=16),peer,16,0.05,20,0.65,0.17013926184468017,9.931666666666667,6.597522794014725,20.25,60.75,13.35,1.0
5,5,random,peer(K=16),peer,16,0.1,20,0.65,0.17013926184468017,9.931666666666667,6.597522794014725,20.25,60.75,12.7,1.0
5,5,random,peer(K=2),peer,2,0.0,20,0.6599999999999999,0.16026294183720638,8.436666666666666,3.3826768873152235,15.75,45.35,0.0,1.0
5,5,random,peer(K=2),peer,2,0.05,20,0.65,0.15727950313140984,8.111666666666668,3.2825032346336105,14.5,44.45,2.9,1.0
5,5,random,peer(K=2),peer,2,0.1,20,0.65,0.15727950313140984,8.111666666666668,3.282503234633611,14.5,44.45,33.9,1.0
5,5,random,peer(K=4),peer,4,0.0,20,0.7100000000000001,0.17740824166460342,7.738333333333332,2.1933585291572597,12.95,45.7,0.0,1.0
5,5,random,peer(K=4),peer,4,0.05,20,0.7100000000000001,0.1774082416646034,7.738333333333332,2.1933585291572606,12.95,45.7,8.3,1.0
5,5,random,peer(K=4),peer,4,0.1,20,0.7100000000000001,0.17740824166460342,7.738333333333332,2.1933585291572606,12.95,45.7,40.0,1.0
5,5,random,peer(K=8),peer,8,0.0,20,0.65,0.15727950313140984,8.915000000000001,4.7322055117934125,18.0,53.05,0.0,1.0
5,5,random,peer(K=8),peer,8,0.05,20,0.65,0.15727950313140984,8.915000000000001,4.732205511793413,18.0,53.05,13.7,1.0
5,5,random,peer(K=8),peer,8,0.1,20,0.65,0.15727950313140981,8.915000000000001,4.732205511793412,18.0,53.05,17.15,1.0
5,5,random,shared,shared,-1,0.0,20,0.79,0.2381949665825522,11.266666666666666,7.30812053341994,25.35,57.05,0.0,1.0
5,5,random,shared,shared,-1,0.05,20,0.79,0.2381949665825522,11.266666666666666,7.308120533419939,25.35,57.05,3.45,1.0
5,5,random,shared,shared,-1,0.1,20,0.79,0.2381949665825522,11.266666666666666,7.30812053341994,25.35,57.05,24.2,1.0
5,5,symmetric,centralized,centralized,-1,0.0,20,0.8,0.0,6.25,0.0,8.0,29.0,0.0,1.0
5,5,symmetric,centralized,centralized,-1,0.05,20,0.8,0.0,6.25,0.0,8.0,29.0,12.75,1.0
5,5,symmetric,centralized,centralized,-1,0.1,20,0.8,0.0,6.25,0.0,8.0,29.0,20.6,1.0
5,5,symmetric,independent,independent,-1,0.0,20,0.6,0.0,5.666666666666667,0.0,6.0,51.0,0.0,1.0
5,5,symmetric,independent,independent,-1,0.05,20,0.6,0.0,5.666666666666667,0.0,6.0,51.0,17.95,1.0
5,5,symmetric,independent,independent,-1,0.1,20,0.6,0.0,5.666666666666667,0.0,6.0,51.0,26.35,1.0
5,5,symmetric,peer(K=1),peer,1,0.0,20,0.8,0.0,6.25,0.0,8.0,29.0,0.0,1.0
5,5,symmetric,peer(K=1),peer,1,0.05,20,0.8,0.0,6.25,0.0,8.0,29.0,12.75,1.0
5,5,symmetric,peer(K=1),peer,1,0.1,20,0.8,0.0,6.25,0.0,8.0,29.0,20.6,1.0
5,5,symmetric,peer(K=16),peer,16,0.0,20,0.8,0.0,14.25,0.0,40.0,69.0,0.0,1.0
5,5,symmetric,peer(K=16),peer,16,0.05,20,0.8,0.0,14.25,0.0,40.0,69.0,14.0,1.0
5,5,symmetric,peer(K=16),peer,16,0.1,20,0.8,0.0,14.25,0.0,40.0,69.0,23.05,1.0
5,5,symmetric,peer(K=2),peer,2,0.0,20,0.8,0.0,6.25,0.0,8.0,29.0,0.0,1.0
5,5,symmetric,peer(K=2),peer,2,0.05,20,0.8,0.0,6.25,0.0,8.0,29.0,12.75,1.0
5,5,symmetric,peer(K=2),peer,2,0.1,20,0.8,0.0,6.25,0.0,8.0,29.0,20.6,1.0
5,5,symmetric,peer(K=4),peer,4,0.0,20,0.6,0.0,7.333333333333333,0.0,11.0,38.0,0.0,1.0
5,5,symmetric,peer(K=4),peer,4,0.05,20,0.6,0.0,7.333333333333333,0.0,11.0,38.0,13.75,1.0
5,5,symmetric,peer(K=4),peer,4,0.1,20,0.6,0.0,7.333333333333333,0.0,11.0,38.0,43.1,1.0
5,5,symmetric,peer(K=8),peer,8,0.0,20,0.6,0.0,5.666666666666667,0.0,6.0,36.0,0.0,1.0
5,5,symmetric,peer(K=8),peer,8,0.05,20,0.6,0.0,5.666666666666667,0.0,6.0,36.0,7.95,1.0
5,5,symmetric,peer(K=8),peer,8,0.1,20,0.6,0.0,5.666666666666667,0.0,6.0,36.0,31.85,1.0
5,5,symmetric,shared,shared,-1,0.0,20,0.8,0.0,6.25,0.0,8.0,29.0,0.0,1.0
5,5,symmetric,shared,shared,-1,0.05,20,0.8,0.0,6.25,0.0,8.0,29.0,12.75,1.0
5,5,symmetric,shared,shared,-1,0.1,20,0.8,0.0,6.25,0.0,8.0,29.0,20.6,1.0
8,2,asymmetric,centralized,centralized,-1,0.0,20,0.25,0.0,4.0,0.0,4.0,160.0,0.0,4.0
8,2,asymmetric,centralized,centralized,-1,0.05,20,0.25,0.0,4.0,0.0,4.0,160.0,33.1,4.0
8,2,asymmetric,centralized,centralized,-1,0.1,20,0.25,0.0,4.0,0.0,4.0,160.0,61.45,4.0
8,2,asymmetric,independent,independent,-1,0.0,20,0.25,0.0,4.0,0.0,4.0,292.0,0.0,4.0
8,2,asymmetric,independent,independent,-1,0.05,20,0.25,0.0,4.0,0.0,4.0,292.0,32.85,4.0
8,2,asymmetric,independent,independent,-1,0.1,20,0.25,0.0,4.0,0.0,4.0,292.0,82.8,4.0
8,2,asymmetric,peer(K=1),peer,1,0.0,20,0.25,0.0,4.0,0.0,4.0,145.0,0.0,4.0
8,2,asymmetric,peer(K=1),peer,1,0.05,20,0.25,0.0,4.0,0.0,4.0,145.0,38.2,4.0
8,2,asymmetric,peer(K=1),peer,1,0.1,20,0.25,0.0,4.0,0.0,4.0,145.0,43.35,4.0
8,2,asymmetric,peer(K=16),peer,16,0.0,20,0.25,0.0,4.0,0.0,4.0,255.0,0.0,4.0
8,2,asymmetric,peer(K=16),peer,16,0.05,20,0.25,0.0,4.0,0.0,4.0,255.0,28.1,4.0
8,2,asymmetric,peer(K=16),peer,16,0.1,20,0.25,0.0,4.0,0.0,4.0,255.0,73.45,4.0
8,2,asymmetric,peer(K=2),peer,2,0.0,20,0.25,0.0,4.0,0.0,4.0,145.0,0.0,4.0
8,2,asymmetric,peer(K=2),peer,2,0.05,20,0.25,0.0,4.0,0.0,4.0,145.0,38.2,4.0
8,2,asymmetric,peer(K=2),peer,2,0.1,20,0.25,0.0,4.0,0.0,4.0,145.0,43.35,4.0
8,2,asymmetric,peer(K=4),peer,4,0.0,20,0.25,0.0,4.0,0.0,4.0,143.0,0.0,4.0
8,2,asymmetric,peer(K=4),peer,4,0.05,20,0.25,0.0,4.0,0.0,4.0,143.0,24.8,4.0
8,2,asymmetric,peer(K=4),peer,4,0.1,20,0.25,0.0,4.0,0.0,4.0,143.0,40.35,4.0
8,2,asymmetric,peer(K=8),peer,8,0.0,20,0.25,0.0,4.0,0.0,4.0,255.0,0.0,4.0
8,2,asymmetric,peer(K=8),peer,8,0.05,20,0.25,0.0,4.0,0.0,4.0,255.0,28.1,4.0
8,2,asymmetric,peer(K=8),peer,8,0.1,20,0.25,0.0,4.0,0.0,4.0,255.0,73.45,4.0
8,2,asymmetric,shared,shared,-1,0.0,20,0.25,0.0,4.0,0.0,4.0,145.0,0.0,4.0
8,2,asymmetric,shared,shared,-1,0.05,20,0.25,0.0,4.0,0.0,4.0,145.0,38.1,4.0
8,2,asymmetric,shared,shared,-1,0.1,20,0.25,0.0,4.0,0.0,4.0,145.0,54.45,4.0
8,2,random,centralized,centralized,-1,0.0,20,0.23125,0.04579344356656541,4.825,0.6742442162583935,5.5,181.65,0.0,4.0
8,2,random,centralized,centralized,-1,0.05,20,0.23125,0.04579344356656541,4.825,0.6742442162583933,5.5,181.65,23.7,4.0
8,2,random,centralized,centralized,-1,0.1,20,0.23125,0.04579344356656541,4.825,0.6742442162583933,5.5,181.65,61.35,4.0
8,2,random,independent,independent,-1,0.0,20,0.2375,0.03847418820319328,5.725,2.984499429067672,7.3,248.75,0.0,4.0
8,2,random,independent,independent,-1,0.05,20,0.2375,0.03847418820319329,5.725,2.984499429067672,7.3,248.75,38.8,4.0
8,2,random,independent,independent,-1,0.1,20,0.2375,0.03847418820319328,5.725,2.984499429067672,7.3,248.75,70.75,4.0
8,2,random,peer(K=1),peer,1,0.0,20,0.23125,0.04579344356656541,4.85,0.6901563514694945,5.55,193.6,0.0,4.0
8,2,random,peer(K=1),peer,1,0.05,20,0.23125,0.04579344356656541,4.85,0.6901563514694943,5.55,193.6,26.05,4.0
8,2,random,peer(K=1),peer,1,0.1,20,0.23125,0.04579344356656541,4.85,0.6901563514694944,5.55,193.6,63.2,4.0
8,2,random,peer(K=16),peer,16,0.0,20,0.2375,0.03847418820319328,5.725,2.984499429067672,7.3,229.4,0.0,4.0
8,2,random,peer(K=16),peer,16,0.05,20,0.2375,0.038474188203193274,5.725,2.984499429067673,7.3,229.4,42.8,4.0
8,2,random,peer(K=16),peer,16,0.1,20,0.2375,0.038474188203193274,5.725,2.9844994290676725,7.3,229.4,73.0,4.0
8,2,random,peer(K=2),peer,2,0.0,20,0.23125,0.04579344356656541,4.825,0.6742442162583933,5.5,191.15,0.0,4.0
8,2,random,peer(K=2),peer,2,0.05,20,0.23125,0.04579344356656541,4.825,0.6742442162583931,5.5,191.15,36.85,4.0
8,2,random,peer(K=2),peer,2,0.1,20,0.23125,0.045793443566565416,4.825,0.6742442162583931,5.5,191.15,60.75,4.0
8,2,random,peer(K=4),peer,4,0.0,20,0.2375,0.03847418820319329,5.65,2.9695826394683107,7.15,216.6,0.0,4.0
8,2,random,peer(K=4),peer,4,0.05,20,0.2375,0.03847418820319329,5.65,2.9695826394683107,7.15,216.6,46.15,4.0
8,2,random,peer(K=4),peer,4,0.1,20,0.2375,0.03847418820319328,5.65,2.9695826394683107,7.15,221.55,71.1,4.0
8,2,random,peer(K=8),peer,8,0.0,20,0.2375,0.03847418820319328,5.775,3.0152027076833576,7.4,221.5,0.0,4.0
8,2,random,peer(K=8),peer,8,0.05,20,0.2375,0.03847418820319329,5.775,3.0152027076833576,7.4,221.5,42.5,4.0
8,2,random,peer(K=8),peer,8,0.1,20,0.2375,0.03847418820319329,5.775,3.0152027076833576,7.4,221.5,73.75,4.0
8,2,random,shared,shared,-1,0.0,20,0.23125,0.04579344356656541,4.825,0.6742442162583934,5.5,250.85,0.0,4.0
8,2,random,shared,shared,-1,0.05,20,0.23125,0.04579344356656541,4.825,0.6742442162583935,5.5,250.85,21.45,4.0
8,2,random,shared,shared,-1,0.1,20,0.23125,0.04579344356656541,4.825,0.674244216258393,5.5,250.85,74.2,4.0
8,2,symmetric,centralized,centralized,-1,0.0,20,0.25,0.0,5.5,0.0,6.0,343.0,0.0,4.0
8,2,symmetric,centralized,centralized,-1,0.05,20,0.25,0.0,5.5,0.0,6.0,343.0,44.95,4.0
8,2,symmetric,centralized,centralized,-1,0.1,20,0.25,0.0,5.5,0.0,6.0,343.0,64.85,4.0
8,2,symmetric,independent,independent,-1,0.0,20,0.25,0.0,5.5,0.0,6.0,162.0,0.0,4.0
8,2,symmetric,independent,independent,-1,0.05,20,0.25,0.0,5.5,0.0,6.0,162.0,23.75,4.0
8,2,symmetric,independent,independent,-1,0.1,20,0.25,0.0,5.5,0.0,6.0,162.0,55.8,4.0
8,2,symmetric,peer(K=1),peer,1,0.0,20,0.25,0.0,5.5,0.0,6.0,320.0,0.0,4.0
8,2,symmetric,peer(K=1),peer,1,0.05,20,0.25,0.0,5.5,0.0,6.0,320.0,40.4,4.0
8,2,symmetric,peer(K=1),peer,1,0.1,20,0.25,0.0,5.5,0.0,6.0,320.0,72.2,4.0
8,2,symmetric,peer(K=16),peer,16,0.0,20,0.25,0.0,5.5,0.0,6.0,176.0,0.0,4.0
8,2,symmetric,peer(K=16),peer,16,0.05,20,0.25,0.0,5.5,0.0,6.0,176.0,22.8,4.0
8,2,symmetric,peer(K=16),peer,16,0.1,20,0.25,0.0,5.5,0.0,6.0,176.0,56.45,4.0
8,2,symmetric,peer(K=2),peer,2,0.0,20,0.25,0.0,5.5,0.0,6.0,284.0,0.0,4.0
8,2,symmetric,peer(K=2),peer,2,0.05,20,0.25,0.0,5.5,0.0,6.0,284.0,31.8,4.0
8,2,symmetric,peer(K=2),peer,2,0.1,20,0.25,0.0,5.5,0.0,6.0,284.0,55.9,4.0
8,2,symmetric,peer(K=4),peer,4,0.0,20,0.25,0.0,5.5,0.0,6.0,284.0,0.0,4.0
8,2,symmetric,peer(K=4),peer,4,0.05,20,0.25,0.0,5.5,0.0,6.0,284.0,31.8,4.0
8,2,symmetric,peer(K=4),peer,4,0.1,20,0.25,0.0,5.5,0.0,6.0,284.0,55.9,4.0
8,2,symmetric,peer(K=8),peer,8,0.0,20,0.25,0.0,5.5,0.0,6.0,176.0,0.0,4.0
8,2,symmetric,peer(K=8),peer,8,0.05,20,0.25,0.0,5.5,0.0,6.0,176.0,22.8,4.0
8,2,symmetric,peer(K=8),peer,8,0.1,20,0.25,0.0,5.5,0.0,6.0,176.0,56.45,4.0
8,2,symmetric,shared,shared,-1,0.0,20,0.25,0.0,5.5,0.0,6.0,353.0,0.0,4.0
8,2,symmetric,shared,shared,-1,0.05,20,0.25,0.0,5.5,0.0,6.0,353.0,46.05,4.0
8,2,symmetric,shared,shared,-1,0.1,20,0.25,0.0,5.5,0.0,6.0,353.0,70.7,4.0
8,3,asymmetric,centralized,centralized,-1,0.0,20,0.375,0.0,4.0,0.0,4.0,150.0,0.0,2.6666666666666665
8,3,asymmetric,centralized,centralized,-1,0.05,20,0.375,0.0,4.0,0.0,4.0,150.0,67.25,2.6666666666666665
8,3,asymmetric,centralized,centralized,-1,0.1,20,0.375,0.0,4.0,0.0,4.0,150.0,61.5,2.6666666666666665
8,3,asymmetric,independent,independent,-1,0.0,20,0.375,0.0,4.0,0.0,4.0,278.0,0.0,2.6666666666666665
8,3,asymmetric,independent,independent,-1,0.05,20,0.375,0.0,4.0,0.0,4.0,278.0,25.4,2.6666666666666665
8,3,asymmetric,independent,independent,-1,0.1,20,0.375,0.0,4.0,0.0,4.0,278.0,49.0,2.6666666666666665
8,3,asymmetric,peer(K=1),peer,1,0.0,20,0.375,0.0,4.0,0.0,4.0,262.0,0.0,2.6666666666666665
8,3,asymmetric,peer(K=1),peer,1,0.05,20,0.375,0.0,4.0,0.0,4.0,262.0,46.25,2.6666666666666665
8,3,asymmetric,peer(K=1),peer,1,0.1,20,0.375,0.0,4.0,0.0,4.0,262.0,58.65,2.6666666666666665
8,3,asymmetric,peer(K=16),peer,16,0.0,20,0.375,0.0,4.0,0.0,4.0,269.0,0.0,2.6666666666666665
8,3,asymmetric,peer(K=16),peer,16,0.05,20,0.375,0.0,4.0,0.0,4.0,269.0,25.15,2.6666666666666665
8,3,asymmetric,peer(K=16),peer,16,0.1,20,0.375,0.0,4.0,0.0,4.0,269.0,49.05,2.6666666666666665
8,3,asymmetric,peer(K=2),peer,2,0.0,20,0.375,0.0,4.0,0.0,4.0,262.0,0.0,2.6666666666666665
8,3,asymmetric,peer(K=2),peer,2,0.05,20,0.375,0.0,4.0,0.0,4.0,262.0,46.25,2.6666666666666665
8,3,asymmetric,peer(K=2),peer,2,0.1,20,0.375,0.0,4.0,0.0,4.0,262.0,58.65,2.6666666666666665
8,3,asymmetric,peer(K=4),peer,4,0.0,20,0.375,0.0,4.0,0.0,4.0,224.0,0.0,2.6666666666666665
8,3,asymmetric,peer(K=4),peer,4,0.05,20,0.375,0.0,4.0,0.0,4.0,224.0,30.6,2.6666666666666665
8,3,asymmetric,peer(K=4),peer,4,0.1,20,0.375,0.0,4.0,0.0,4.0,224.0,56.4,2.6666666666666665
8,3,asymmetric,peer(K=8),peer,8,0.0,20,0.375,0.0,4.0,0.0,4.0,269.0,0.0,2.6666666666666665
8,3,asymmetric,peer(K=8),peer,8,0.05,20,0.375,0.0,4.0,0.0,4.0,269.0,25.15,2.6666666666666665
8,3,asymmetric,peer(K=8),peer,8,0.1,20,0.375,0.0,4.0,0.0,4.0,269.0,49.05,2.6666666666666665
8,3,asymmetric,shared,shared,-1,0.0,20,0.375,0.0,4.0,0.0,4.0,255.0,0.0,2.6666666666666665
8,3,asymmetric,shared,shared,-1,0.05,20,0.375,0.0,4.0,0.0,4.0,255.0,46.0,2.6666666666666665
8,3,asymmetric,shared,shared,-1,0.1,20,0.375,0.0,4.0,0.0,4.0,255.0,57.6,2.6666666666666665
8,3,random,centralized,centralized,-1,0.0,20,0.3125,0.06412364700532212,5.833333333333334,1.8056117849993818,7.95,108.5,0.0,2.6666666666666665
8,3,random,centralized,centralized,-1,0.05,20,0.3125,0.06412364700532212,5.833333333333334,1.805611784999382,7.95,108.5,13.65,2.6666666666666665
8,3,random,centralized,centralized,-1,0.1,20,0.3125,0.06412364700532212,5.833333333333334,1.8056117849993818,7.95,108.5,65.35,2.6666666666666665
8,3,random,independent,independent,-1,0.0,20,0.34375,0.05553270728991489,7.866666666666667,6.9084658633299565,12.45,207.85,0.0,2.6666666666666665
8,3,random,independent,independent,-1,0.05,20,0.34375,0.0555327072899149,7.866666666666667,6.9084658633299565,12.45,207.85,31.0,2.6666666666666665
8,3,random,independent,independent,-1,0.1,20,0.34375,0.05553270728991491,7.866666666666667,6.9084658633299565,12.45,207.85,88.15,2.6666666666666665
8,3,random,peer(K=1),peer,1,0.0,20,0.31875,0.06380222319175506,5.775,1.6079799175377403,7.75,107.6,0.0,2.6666666666666665
8,3,random,peer(K=1),peer,1,0.05,20,0.31875,0.06380222319175505,5.775,1.6079799175377403,7.75,107.6,22.2,2.6666666666666665
8,3,random,peer(K=1),peer,1,0.1,20,0.31875,0.06380222319175506,5.775,1.6079799175377405,7.75,107.6,62.1,2.6666666666666665
8,3,random,peer(K=16),peer,16,0.0,20,0.33125,0.0838525491562421,6.55,4.157041514352097,9.75,172.1,0.0,2.6666666666666665
8,3,random,peer(K=16),peer,16,0.05,20,0.33125,0.08385254915624209,6.55,4.157041514352097,9.75,172.1,30.9,2.6666666666666665
8,3,random,peer(K=16),peer,16,0.1,20,0.33125,0.08385254915624211,6.55,4.157041514352098,9.75,172.1,79.65,2.6666666666666665
8,3,random,peer(K=2),peer,2,0.0,20,0.3125,0.07587212233336049,5.791666666666666,1.7957674408882642,7.6,123.25,0.0,2.6666666666666665
8,3,random,peer(K=2),peer,2,0.05,20,0.3125,0.07587212233336049,5.791666666666666,1.7957674408882642,7.6,123.25,18.3,2.6666666666666665
8,3,random,peer(K=2),peer,2,0.1,20,0.3125,0.07587212233336049,5.841666666666667,1.8301207898013612,7.7,123.3,69.2,2.6666666666666665
8,3,random,peer(K=4),peer,4,0.0,20,0.31875,0.08579159264415746,5.7,1.6091841672756186,7.3,127.95,0.0,2.6666666666666665
8,3,random,peer(K=4),peer,4,0.05,20,0.31875,0.08579159264415745,5.7,1.609184167275619,7.3,127.95,23.5,2.6666666666666665
8,3,random,peer(K=4),peer,4,0.1,20,0.31875,0.08579159264415746,5.75,1.6503588126605429,7.4,128.0,99.35,2.6666666666666665
8,3,random,peer(K=8),peer,8,0.0,20,0.33125,0.07339286857654997,8.041666666666668,10.150458031321248,11.45,146.95,0.0,2.6666666666666665
8,3,random,peer(K=8),peer,8,0.05,20,0.33125,0.07339286857654997,8.041666666666668,10.150458031321248,11.45,146.95,29.65,2.6666666666666665
8,3,random,peer(K=8),peer,8,0.1,20,0.33125,0.07339286857654999,8.041666666666668,10.150458031321248,11.45,146.95,85.0,2.6666666666666665
8,3,random,shared,shared,-1,0.0,20,0.31875,0.08579159264415746,8.466666666666665,8.951069066145148,16.4,194.0,0.0,2.6666666666666665
8,3,random,shared,shared,-1,0.05,20,0.31875,0.08579159264415746,8.466666666666665,8.951069066145148,16.4,194.0,17.3,2.6666666666666665
8,3,random,shared,shared,-1,0.1,20,0.31875,0.08579159264415746,8.466666666666665,8.951069066145148,16.4,194.0,84.45,2.6666666666666665
8,3,symmetric,centralized,centralized,-1,0.0,20,0.25,0.0,5.5,0.0,6.0,55.0,0.0,2.6666666666666665
8,3,symmetric,centralized,centralized,-1,0.05,20,0.25,0.0,5.5,0.0,6.0,55.0,35.7,2.6666666666666665
8,3,symmetric,centralized,centralized,-1,0.1,20,0.25,0.0,5.5,0.0,6.0,55.0,118.55,2.6666666666666665
8,3,symmetric,independent,independent,-1,0.0,20,0.375,0.0,5.666666666666667,0.0,6.0,110.0,0.0,2.6666666666666665
8,3,symmetric,independent,independent,-1,0.05,20,0.375,0.0,5.666666666666667,0.0,6.0,110.0,18.5,2.6666666666666665
8,3,symmetric,independent,independent,-1,0.1,20,0.375,0.0,5.666666666666667,0.0,6.0,110.0,56.4,2.6666666666666665
8,3,symmetric,peer(K=1),peer,1,0.0,20,0.25,0.0,5.5,0.0,6.0,55.0,0.0,2.6666666666666665
8,3,symmetric,peer(K=1),peer,1,0.05,20,0.25,0.0,5.5,0.0,6.0,55.0,35.7,2.6666666666666665
8,3,symmetric,peer(K=1),peer,1,0.1,20,0.25,0.0,5.5,0.0,6.0,55.0,118.55,2.6666666666666665
8,3,symmetric,peer(K=16),peer,16,0.0,20,0.375,0.0,5.666666666666667,0.0,6.0,183.0,0.0,2.6666666666666665
8,3,symmetric,peer(K=16),peer,16,0.05,20,0.375,0.0,5.666666666666667,0.0,6.0,183.0,13.95,2.6666666666666665
8,3,symmetric,peer(K=16),peer,16,0.1,20,0.375,0.0,5.666666666666667,0.0,6.0,183.0,44.45,2.6666666666666665
8,3,symmetric,peer(K=2),peer,2,0.0,20,0.375,0.0,5.666666666666667,0.0,6.0,281.0,0.0,2.6666666666666665
8,3,symmetric,peer(K=2),peer,2,0.05,20,0.375,0.0,5.666666666666667,0.0,6.0,281.0,26.15,2.6666666666666665
8,3,symmetric,peer(K=2),peer,2,0.1,20,0.375,0.0,5.666666666666667,0.0,6.0,281.0,66.5,2.6666666666666665
8,3,symmetric,peer(K=4),peer,4,0.0,20,0.375,0.0,5.666666666666667,0.0,6.0,281.0,0.0,2.6666666666666665
8,3,symmetric,peer(K=4),peer,4,0.05,20,0.375,0.0,5.666666666666667,0.0,6.0,281.0,26.15,2.6666666666666665
8,3,symmetric,peer(K=4),peer,4,0.1,20,0.375,0.0,5.666666666666667,0.0,6.0,281.0,66.5,2.6666666666666665
8,3,symmetric,peer(K=8),peer,8,0.0,20,0.375,0.0,5.666666666666667,0.0,6.0,183.0,0.0,2.6666666666666665
8,3,symmetric,peer(K=8),peer,8,0.05,20,0.375,0.0,5.666666666666667,0.0,6.0,183.0,13.95,2.6666666666666665
8,3,symmetric,peer(K=8),peer,8,0.1,20,0.375,0.0,5.666666666666667,0.0,6.0,183.0,44.45,2.6666666666666665
8,3,symmetric,shared,shared,-1,0.0,20,0.25,0.0,5.5,0.0,6.0,55.0,0.0,2.6666666666666665
8,3,symmetric,shared,shared,-1,0.05,20,0.25,0.0,5.5,0.0,6.0,55.0,35.7,2.6666666666666665
8,3,symmetric,shared,shared,-1,0.1,20,0.25,0.0,5.5,0.0,6.0,55.0,118.55,2.6666666666666665
8,5,asymmetric,centralized,centralized,-1,0.0,20,0.625,0.0,4.0,0.0,4.0,55.0,0.0,1.6
8,5,asymmetric,centralized,centralized,-1,0.05,20,0.625,0.0,4.0,0.0,4.0,55.0,12.45,1.6
8,5,asymmetric,centralized,centralized,-1,0.1,20,0.625,0.0,4.0,0.0,4.0,55.0,38.65,1.6
8,5,asymmetric,independent,independent,-1,0.0,20,0.625,0.0,4.0,0.0,4.0,34.0,0.0,1.6
8,5,asymmetric,independent,independent,-1,0.05,20,0.625,0.0,4.0,0.0,4.0,34.0,1.5,1.6
8,5,asymmetric,independent,independent,-1,0.1,20,0.625,0.0,4.0,0.0,4.0,34.0,37.95,1.6
8,5,asymmetric,peer(K=1),peer,1,0.0,20,0.625,0.0,4.0,0.0,4.0,54.0,0.0,1.6
8,5,asymmetric,peer(K=1),peer,1,0.05,20,0.625,0.0,4.0,0.0,4.0,54.0,8.35,1.6
8,5,asymmetric,peer(K=1),peer,1,0.1,20,0.625,0.0,4.0,0.0,4.0,54.0,43.35,1.6
8,5,asymmetric,peer(K=16),peer,16,0.0,20,0.625,0.0,4.0,0.0,4.0,46.0,0.0,1.6
8,5,asymmetric,peer(K=16),peer,16,0.05,20,0.625,0.0,4.0,0.0,4.0,46.0,17.8,1.6
8,5,asymmetric,peer(K=16),peer,16,0.1,20,0.625,0.0,4.0,0.0,4.0,46.0,48.95,1.6
8,5,asymmetric,peer(K=2),peer,2,0.0,20,0.625,0.0,4.0,0.0,4.0,54.0,0.0,1.6
8,5,asymmetric,peer(K=2),peer,2,0.05,20,0.625,0.0,4.0,0.0,4.0,54.0,8.35,1.6
8,5,asymmetric,peer(K=2),peer,2,0.1,20,0.625,0.0,4.0,0.0,4.0,54.0,44.05,1.6
8,5,asymmetric,peer(K=4),peer,4,0.0,20,0.625,0.0,4.0,0.0,4.0,49.0,0.0,1.6
8,5,asymmetric,peer(K=4),peer,4,0.05,20,0.625,0.0,4.0,0.0,4.0,49.0,7.95,1.6
8,5,asymmetric,peer(K=4),peer,4,0.1,20,0.625,0.0,4.0,0.0,4.0,49.0,38.0,1.6
8,5,asymmetric,peer(K=8),peer,8,0.0,20,0.625,0.0,4.0,0.0,4.0,46.0,0.0,1.6
8,5,asymmetric,peer(K=8),peer,8,0.05,20,0.625,0.0,4.0,0.0,4.0,46.0,18.6,1.6
8,5,asymmetric,peer(K=8),peer,8,0.1,20,0.625,0.0,4.0,0.0,4.0,46.0,49.35,1.6
8,5,asymmetric,shared,shared,-1,0.0,20,0.625,0.0,4.0,0.0,4.0,248.0,0.0,1.6
8,5,asymmetric,shared,shared,-1,0.05,20,0.625,0.0,4.0,0.0,4.0,248.0,19.4,1.6
8,5,asymmetric,shared,shared,-1,0.1,20,0.625,0.0,4.0,0.0,4.0,248.0,37.7,1.6
8,5,random,centralized,centralized,-1,0.0,20,0.4875,0.13990128098431634,6.158333333333333,1.47232262705178,9.8,66.7,0.0,1.6
8,5,random,centralized,centralized,-1,0.05,20,0.4875,0.13990128098431634,6.158333333333333,1.4723226270517797,9.8,66.7,24.65,1.6
8,5,random,centralized,centralized,-1,0.1,20,0.4875,0.13990128098431634,6.158333333333333,1.47232262705178,9.8,66.7,59.15,1.6
8,5,random,independent,independent,-1,0.0,20,0.5125,0.1338941058409494,7.4558333333333335,5.644985030463062,16.65,98.6,0.0,1.6
8,5,random,independent,independent,-1,0.05,20,0.5125,0.13389410584094943,7.4558333333333335,5.6449850304630615,16.65,98.6,20.8,1.6
8,5,random,independent,independent,-1,0.1,20,0.5125,0.13389410584094943,7.4558333333333335,5.6449850304630615,16.65,98.6,51.95,1.6
8,5,random,peer(K=1),peer,1,0.0,20,0.4875,0.1276044463835101,5.885,1.575738015152792,8.85,56.1,0.0,1.6
8,5,random,peer(K=1),peer,1,0.05,20,0.4875,0.12760444638351012,5.885,1.5757380151527915,8.85,56.1,23.7,1.6
8,5,random,peer(K=1),peer,1,0.1,20,0.4875,0.12760444638351012,5.885,1.5757380151527924,8.85,56.1,57.85,1.6
8,5,random,peer(K=16),peer,16,0.0,20,0.51875,0.12999873481165722,6.24,1.9340168180839534,11.15,74.9,0.0,1.6
8,5,random,peer(K=16),peer,16,0.05,20,0.51875,0.12999873481165722,6.24,1.9340168180839532,11.15,74.9,30.0,1.6
8,5,random,peer(K=16),peer,16,0.1,20,0.51875,0.12999873481165722,6.24,1.9340168180839532,11.15,74.9,50.5,1.6
8,5,random,peer(K=2),peer,2,0.0,20,0.5125,0.12760444638351012,5.7908333333333335,1.5385539937918542,8.7,56.85,0.0,1.6
8,5,random,peer(K=2),peer,2,0.05,20,0.5125,0.12760444638351012,5.7908333333333335,1.5385539937918542,8.7,56.85,14.45,1.6
8,5,random,peer(K=2),peer,2,0.1,20,0.5125,0.1276044463835101,5.7908333333333335,1.5385539937918542,8.7,56.85,35.25,1.6
8,5,random,peer(K=4),peer,4,0.0,20,0.525,0.14956076040402969,5.71,1.3963863136117116,8.5,55.0,0.0,1.6
8,5,random,peer(K=4),peer,4,0.05,20,0.525,0.14956076040402969,5.71,1.3963863136117114,8.5,55.0,13.0,1.6
8,5,random,peer(K=4),peer,4,0.1,20,0.525,0.14956076040402969,5.71,1.3963863136117118,8.5,54.95,56.9,1.6
8,5,random,peer(K=8),peer,8,0.0,20,0.525,0.13203867057160104,5.9625,1.4280899094502715,9.9,69.5,0.0,1.6
8,5,random,peer(K=8),peer,8,0.05,20,0.525,0.13203867057160104,5.9625,1.4280899094502713,9.9,69.5,26.3,1.6
8,5,random,peer(K=8),peer,8,0.1,20,0.525,0.13203867057160104,5.9625,1.4280899094502715,9.9,69.5,67.0,1.6
8,5,random,shared,shared,-1,0.0,20,0.48125,0.15850348659621938,6.675833333333334,3.7315647244015024,13.8,115.9,0.0,1.6
8,5,random,shared,shared,-1,0.05,20,0.48125,0.15850348659621938,6.675833333333334,3.7315647244015033,13.8,115.9,39.25,1.6
8,5,random,shared,shared,-1,0.1,20,0.48125,0.15850348659621938,6.675833333333334,3.7315647244015024,13.8,115.9,70.5,1.6
8,5,symmetric,centralized,centralized,-1,0.0,20,0.375,0.0,5.333333333333333,0.0,6.0,51.0,0.0,1.6
8,5,symmetric,centralized,centralized,-1,0.05,20,0.375,0.0,5.333333333333333,0.0,6.0,51.0,25.45,1.6
8,5,symmetric,centralized,centralized,-1,0.1,20,0.375,0.0,5.333333333333333,0.0,6.0,51.0,72.85,1.6
8,5,symmetric,independent,independent,-1,0.0,20,0.625,0.0,5.6,0.0,6.0,88.0,0.0,1.6
8,5,symmetric,independent,independent,-1,0.05,20,0.625,0.0,5.6,0.0,6.0,88.0,14.75,1.6
8,5,symmetric,independent,independent,-1,0.1,20,0.625,0.0,5.6,0.0,6.0,88.0,46.65,1.6
8,5,symmetric,peer(K=1),peer,1,0.0,20,0.375,0.0,5.333333333333333,0.0,6.0,51.0,0.0,1.6
8,5,symmetric,peer(K=1),peer,1,0.05,20,0.375,0.0,5.333333333333333,0.0,6.0,51.0,25.35,1.6
8,5,symmetric,peer(K=1),peer,1,0.1,20,0.375,0.0,5.333333333333333,0.0,6.0,51.0,72.95,1.6
8,5,symmetric,peer(K=16),peer,16,0.0,20,0.625,0.0,5.6,0.0,6.0,98.0,0.0,1.6
8,5,symmetric,peer(K=16),peer,16,0.05,20,0.625,0.0,5.6,0.0,6.0,98.0,20.1,1.6
8,5,symmetric,peer(K=16),peer,16,0.1,20,0.625,0.0,5.6,0.0,6.0,98.0,56.8,1.6
8,5,symmetric,peer(K=2),peer,2,0.0,20,0.375,0.0,5.333333333333333,0.0,6.0,51.0,0.0,1.6
8,5,symmetric,peer(K=2),peer,2,0.05,20,0.375,0.0,5.333333333333333,0.0,6.0,51.0,25.25,1.6
8,5,symmetric,peer(K=2),peer,2,0.1,20,0.375,0.0,5.333333333333333,0.0,6.0,51.0,72.45,1.6
8,5,symmetric,peer(K=4),peer,4,0.0,20,0.5,0.0,5.5,0.0,6.0,62.0,0.0,1.6
8,5,symmetric,peer(K=4),peer,4,0.05,20,0.5,0.0,5.5,0.0,6.0,62.0,30.05,1.6
8,5,symmetric,peer(K=4),peer,4,0.1,20,0.5,0.0,5.5,0.0,6.0,62.0,67.0,1.6
8,5,symmetric,peer(K=8),peer,8,0.0,20,0.625,0.0,5.6,0.0,6.0,60.0,0.0,1.6
8,5,symmetric,peer(K=8),peer,8,0.05,20,0.625,0.0,5.6,0.0,6.0,60.0,13.35,1.6
8,5,symmetric,peer(K=8),peer,8,0.1,20,0.625,0.0,5.6,0.0,6.0,60.0,43.55,1.6
8,5,symmetric,shared,shared,-1,0.0,20,0.375,0.0,5.333333333333333,0.0,6.0,51.0,0.0,1.6
8,5,symmetric,shared,shared,-1,0.05,20,0.375,0.0,5.333333333333333,0.0,6.0,51.0,25.35,1.6
8,5,symmetric,shared,shared,-1,0.1,20,0.375,0.0,5.333333333333333,0.0,6.0,51.0,72.95,1.6
8,8,asymmetric,centralized,centralized,-1,0.0,20,0.875,0.0,4.0,0.0,4.0,31.0,0.0,1.0
8,8,asymmetric,centralized,centralized,-1,0.05,20,0.875,0.0,4.0,0.0,4.0,31.0,1.35,1.0
8,8,asymmetric,centralized,centralized,-1,0.1,20,0.875,0.0,4.0,0.0,4.0,31.0,8.8,1.0
8,8,asymmetric,independent,independent,-1,0.0,20,0.875,0.0,4.142857142857143,0.0,5.0,30.0,0.0,1.0
8,8,asymmetric,independent,independent,-1,0.05,20,0.875,0.0,4.142857142857143,0.0,5.0,30.0,13.45,1.0
8,8,asymmetric,independent,independent,-1,0.1,20,0.875,0.0,4.142857142857143,0.0,5.0,30.0,20.95,1.0
8,8,asymmetric,peer(K=1),peer,1,0.0,20,0.875,0.0,4.0,0.0,4.0,31.0,0.0,1.0
8,8,asymmetric,peer(K=1),peer,1,0.05,20,0.875,0.0,4.0,0.0,4.0,31.0,1.35,1.0
8,8,asymmetric,peer(K=1),peer,1,0.1,20,0.875,0.0,4.0,0.0,4.0,31.0,8.8,1.0
8,8,asymmetric,peer(K=16),peer,16,0.0,20,0.875,0.0,4.142857142857143,0.0,5.0,30.0,0.0,1.0
8,8,asymmetric,peer(K=16),peer,16,0.05,20,0.875,0.0,4.142857142857143,0.0,5.0,30.0,13.45,1.0
8,8,asymmetric,peer(K=16),peer,16,0.1,20,0.875,0.0,4.142857142857143,0.0,5.0,30.0,20.95,1.0
8,8,asymmetric,peer(K=2),peer,2,0.0,20,0.875,0.0,4.0,0.0,4.0,31.0,0.0,1.0
8,8,asymmetric,peer(K=2),peer,2,0.05,20,0.875,0.0,4.0,0.0,4.0,31.0,1.35,1.0
8,8,asymmetric,peer(K=2),peer,2,0.1,20,0.875,0.0,4.0,0.0,4.0,31.0,8.8,1.0
8,8,asymmetric,peer(K=4),peer,4,0.0,20,0.875,0.0,4.142857142857143,0.0,5.0,30.0,0.0,1.0
8,8,asymmetric,peer(K=4),peer,4,0.05,20,0.875,0.0,4.142857142857143,0.0,5.0,30.0,13.45,1.0
8,8,asymmetric,peer(K=4),peer,4,0.1,20,0.875,0.0,4.142857142857143,0.0,5.0,30.0,20.95,1.0
8,8,asymmetric,peer(K=8),peer,8,0.0,20,0.875,0.0,4.142857142857143,0.0,5.0,30.0,0.0,1.0
8,8,asymmetric,peer(K=8),peer,8,0.05,20,0.875,0.0,4.142857142857143,0.0,5.0,30.0,13.45,1.0
8,8,asymmetric,peer(K=8),peer,8,0.1,20,0.875,0.0,4.142857142857143,0.0,5.0,30.0,20.95,1.0
8,8,asymmetric,shared,shared,-1,0.0,20,0.875,0.0,4.0,0.0,4.0,103.0,0.0,1.0
8,8,asymmetric,shared,shared,-1,0.05,20,0.875,0.0,4.0,0.0,4.0,103.0,7.25,1.0
8,8,asymmetric,shared,shared,-1,0.1,20,0.875,0.0,4.0,0.0,4.0,103.0,13.3,1.0
8,8,random,centralized,centralized,-1,0.0,20,0.625,0.12824729401064425,5.9313095238095235,1.1779051241764107,10.2,47.8,0.0,1.0
8,8,random,centralized,centralized,-1,0.05,20,0.625,0.12824729401064425,5.9313095238095235,1.1779051241764107,10.2,47.8,13.2,1.0
8,8,random,centralized,centralized,-1,0.1,20,0.625,0.12824729401064425,5.9313095238095235,1.1779051241764107,10.2,47.8,29.2,1.0
8,8,random,independent,independent,-1,0.0,20,0.65625,0.11380818350004078,5.803333333333333,2.086160187398221,10.45,62.95,0.0,1.0
8,8,random,independent,independent,-1,0.05,20,0.65625,0.11380818350004075,5.803333333333333,2.086160187398221,10.45,62.95,18.3,1.0
8,8,random,independent,independent,-1,0.1,20,0.65625,0.11380818350004075,5.803333333333333,2.086160187398221,10.45,62.95,46.15,1.0
8,8,random,peer(K=1),peer,1,0.0,20,0.6375,0.1276044463835101,5.839642857142858,1.2525913645346367,9.85,47.95,0.0,1.0
8,8,random,peer(K=1),peer,1,0.05,20,0.6375,0.1276044463835101,5.839642857142858,1.252591364534637,9.85,47.95,13.4,1.0
8,8,random,peer(K=1),peer,1,0.1,20,0.6375,0.12760444638351007,5.839642857142858,1.2525913645346367,9.85,47.95,23.0,1.0
8,8,random,peer(K=16),peer,16,0.0,20,0.66875,0.11666275056084119,5.633571428571429,1.573808272572008,9.45,55.45,0.0,1.0
8,8,random,peer(K=16),peer,16,0.05,20,0.66875,0.11666275056084119,5.633571428571429,1.5738082725720077,9.45,55.45,12.75,1.0
8,8,random,peer(K=16),peer,16,0.1,20,0.66875,0.11666275056084119,5.633571428571429,1.573808272572008,9.45,55.45,54.45,1.0
8,8,random,peer(K=2),peer,2,0.0,20,0.65,0.11180339887498947,5.951190476190476,1.5509227317847216,10.55,47.6,0.0,1.0
8,8,random,peer(K=2),peer,2,0.05,20,0.65,0.11180339887498947,5.951190476190476,1.5509227317847216,10.55,47.6,13.4,1.0
8,8,random,peer(K=2),peer,2,0.1,20,0.65,0.11180339887498947,5.951190476190476,1.5509227317847214,10.55,47.6,22.95,1.0
8,8,random,peer(K=4),peer,4,0.0,20,0.73125,0.15322734227628118,6.0495833333333335,2.1373786579824268,10.55,48.0,0.0,1.0
8,8,random,peer(K=4),peer,4,0.05,20,0.73125,0.1532273422762812,6.0495833333333335,2.1373786579824268,10.55,48.0,2.6,1.0
8,8,random,peer(K=4),peer,4,0.1,20,0.73125,0.1532273422762812,6.049583333333333,2.1373786579824263,10.55,48.0,38.3,1.0
8,8,random,peer(K=8),peer,8,0.0,20,0.65625,0.13975424859373684,5.307142857142857,0.929074152198867,8.75,49.55,0.0,1.0
8,8,random,peer(K=8),peer,8,0.05,20,0.65625,0.13975424859373686,5.307142857142857,0.929074152198867,8.75,49.55,13.35,1.0
8,8,random,peer(K=8),peer,8,0.1,20,0.65625,0.13975424859373684,5.307142857142857,0.929074152198867,8.75,49.55,43.7,1.0
8,8,random,shared,shared,-1,0.0,20,0.7625,0.1276044463835101,7.248809523809524,1.999985566542978,15.7,62.4,0.0,1.0
8,8,random,shared,shared,-1,0.05,20,0.7625,0.12760444638351012,7.248809523809524,1.9999855665429782,15.7,62.4,3.2,1.0
8,8,random,shared,shared,-1,0.1,20,0.7625,0.1276044463835101,7.248809523809524,1.9999855665429778,15.7,62.4,21.2,1.0
8,8,symmetric,centralized,centralized,-1,0.0,20,0.875,0.0,5.285714285714286,0.0,8.0,41.0,0.0,1.0
8,8,symmetric,centralized,centralized,-1,0.05,20,0.875,0.0,5.285714285714286,0.0,8.0,41.0,13.65,1.0
8,8,symmetric,centralized,centralized,-1,0.1,20,0.875,0.0,5.285714285714286,0.0,8.0,41.0,21.45,1.0
8,8,symmetric,independent,independent,-1,0.0,20,0.75,0.0,4.666666666666667,0.0,6.0,63.0,0.0,1.0
8,8,symmetric,independent,independent,-1,0.05,20,0.75,0.0,4.666666666666667,0.0,6.0,63.0,18.85,1.0
8,8,symmetric,independent,independent,-1,0.1,20,0.75,0.0,4.666666666666667,0.0,6.0,63.0,21.65,1.0
8,8,symmetric,peer(K=1),peer,1,0.0,20,0.875,0.0,5.285714285714286,0.0,8.0,41.0,0.0,1.0
8,8,symmetric,peer(K=1),peer,1,0.05,20,0.875,0.0,5.285714285714286,0.0,8.0,41.0,13.65,1.0
8,8,symmetric,peer(K=1),peer,1,0.1,20,0.875,0.0,5.285714285714286,0.0,8.0,41.0,21.45,1.0
8,8,symmetric,peer(K=16),peer,16,0.0,20,0.75,0.0,4.666666666666667,0.0,6.0,64.0,0.0,1.0
8,8,symmetric,peer(K=16),peer,16,0.05,20,0.75,0.0,4.666666666666667,0.0,6.0,64.0,14.0,1.0
8,8,symmetric,peer(K=16),peer,16,0.1,20,0.75,0.0,4.666666666666667,0.0,6.0,64.0,36.65,1.0
8,8,symmetric,peer(K=2),peer,2,0.0,20,0.875,0.0,5.285714285714286,0.0,8.0,41.0,0.0,1.0
8,8,symmetric,peer(K=2),peer,2,0.05,20,0.875,0.0,5.285714285714286,0.0,8.0,41.0,13.65,1.0
8,8,symmetric,peer(K=2),peer,2,0.1,20,0.875,0.0,5.285714285714286,0.0,8.0,41.0,21.45,1.0
8,8,symmetric,peer(K=4),peer,4,0.0,20,0.625,0.0,4.4,0.0,6.0,44.0,0.0,1.0
8,8,symmetric,peer(K=4),peer,4,0.05,20,0.625,0.0,4.4,0.0,6.0,44.0,13.6,1.0
8,8,symmetric,peer(K=4),peer,4,0.1,20,0.625,0.0,4.4,0.0,6.0,44.0,44.55,1.0
8,8,symmetric,peer(K=8),peer,8,0.0,20,0.75,0.0,4.666666666666667,0.0,6.0,51.0,0.0,1.0
8,8,symmetric,peer(K=8),peer,8,0.05,20,0.75,0.0,4.666666666666667,0.0,6.0,51.0,14.45,1.0
8,8,symmetric,peer(K=8),peer,8,0.1,20,0.75,0.0,4.666666666666667,0.0,6.0,51.0,53.8,1.0
8,8,symmetric,shared,shared,-1,0.0,20,0.75,0.0,5.0,0.0,8.0,42.0,0.0,1.0
8,8,symmetric,shared,shared,-1,0.05,20,0.75,0.0,5.0,0.0,8.0,42.0,25.0,1.0
8,8,symmetric,shared,shared,-1,0.1,20,0.75,0.0,5.0,0.0,8.0,42.0,32.75,1.0
